"@xmlns","Default__@Extension","Default__@ContentType","Override__@PartName","Override__@ContentType"
"http://schemas.openxmlformats.org/package/2006/content-types","bin","application/vnd.openxmlformats-officedocument.spreadsheetml.printerSettings","/xl/workbook.xml","application/vnd.openxmlformats-officedocument.spreadsheetml.sheet.main+xml"
"","rels","application/vnd.openxmlformats-package.relationships+xml","/xl/worksheets/sheet1.xml","application/vnd.openxmlformats-officedocument.spreadsheetml.worksheet+xml"
"","xml","application/xml","/xl/worksheets/sheet2.xml","application/vnd.openxmlformats-officedocument.spreadsheetml.worksheet+xml"
"","","","/xl/worksheets/sheet3.xml","application/vnd.openxmlformats-officedocument.spreadsheetml.worksheet+xml"
"","","","/xl/worksheets/sheet4.xml","application/vnd.openxmlformats-officedocument.spreadsheetml.worksheet+xml"
"","","","/xl/worksheets/sheet5.xml","application/vnd.openxmlformats-officedocument.spreadsheetml.worksheet+xml"
"","","","/xl/worksheets/sheet6.xml","application/vnd.openxmlformats-officedocument.spreadsheetml.worksheet+xml"
"","","","/xl/worksheets/sheet7.xml","application/vnd.openxmlformats-officedocument.spreadsheetml.worksheet+xml"
"","","","/xl/theme/theme1.xml","application/vnd.openxmlformats-officedocument.theme+xml"
"","","","/xl/styles.xml","application/vnd.openxmlformats-officedocument.spreadsheetml.styles+xml"
"","","","/xl/sharedStrings.xml","application/vnd.openxmlformats-officedocument.spreadsheetml.sharedStrings+xml"
"","","","/xl/calcChain.xml","application/vnd.openxmlformats-officedocument.spreadsheetml.calcChain+xml"
"","","","/docProps/core.xml","application/vnd.openxmlformats-package.core-properties+xml"
"","","","/docProps/app.xml","application/vnd.openxmlformats-officedocument.extended-properties+xml"
